구분,역명,만남의장소,물품보관함,자동사진기,무인민원발급기,유아수유실,휠체어리프트,엘리베이터(내부),엘리베이터(외부),에스컬레이터,시각장애인 유도로,외부경사로(지상역 출구),비상인터폰(상선),비상인터폰(하선),기동순찰대
1호선,다대포해수욕장,1,18,0,1,1,0,2,4,13,1,0,5,5,0
1호선,다대포항,1,12,0,0,1,0,2,3,22,1,0,5,5,0
1호선,낫개,1,0,0,0,1,0,2,3,13,1,0,5,5,0
1호선,신장림,1,0,0,0,1,0,2,2,12,1,0,5,5,0
1호선,장림,1,0,0,0,1,0,2,2,14,1,0,5,5,0
1호선,동매,1,0,0,0,1,0,2,8,12,1,0,5,5,0
1호선,신평,1,0,0,0,1,0,2,2,0,1,1,3,3,0
1호선,하단,1,28,1,0,1,0,2,3,2,1,0,3,3,0
1호선,당리,1,0,0,0,1,0,2,3,0,1,0,3,3,0
1호선,사하,1,0,0,0,1,0,2,2,0,1,0,3,3,0
1호선,괴정,1,11,1,0,1,0,2,2,2,1,0,3,3,0
1호선,대티,1,0,0,0,1,0,2,2,3,1,0,3,3,0
1호선,서대신,1,0,0,0,1,0,1,2,7,1,0,3,3,0
1호선,동대신,1,0,0,0,1,0,2,2,0,1,0,3,3,0
1호선,토성,1,19,0,0,1,0,2,2,0,1,0,3,3,0
1호선,자갈치,1,86,1,0,1,0,2,3,6,1,0,3,3,0
1호선,남포,1,100,1,0,1,0,2,2,7,1,0,3,3,0
1호선,중앙,1,21,1,0,1,0,1,3,2,1,0,3,3,1
1호선,부산역,1,135,1,0,1,0,2,2,6,1,0,3,3,0
1호선,초량,1,15,0,0,1,0,2,2,0,1,0,3,3,0
1호선,부산진,1,10,0,1,1,0,2,2,0,1,0,3,3,0
1호선,좌천,1,0,0,0,1,0,2,2,0,1,0,3,3,0
1호선,범일,1,21,1,0,1,0,2,2,0,1,0,3,3,0
1호선,범내골,1,16,1,0,1,0,2,4,2,1,0,3,3,0
1호선,서면(1),0,145,1,1,1,0,2,2,10,1,0,3,3,1
1호선,부전,1,24,1,0,1,0,2,2,0,1,0,3,3,0
1호선,양정,1,15,1,0,1,0,2,4,0,1,0,3,3,0
1호선,시청,1,14,1,0,1,0,2,2,0,1,0,3,3,0
1호선,연산(1),1,23,1,1,1,0,0,3,4,1,0,3,3,0
1호선,교대,1,0,0,0,1,0,2,3,1,1,0,3,3,0
1호선,동래(1),1,24,1,0,1,0,2,0,2,1,1,3,3,0
1호선,명륜,1,10,0,0,1,0,1,0,0,1,0,3,3,0
1호선,온천장,1,15,0,0,1,0,1,0,0,1,6,3,3,1
1호선,부산대,1,45,1,1,1,0,2,0,0,1,4,3,3,0
1호선,장전,1,14,0,0,1,0,2,0,0,1,2,3,3,0
1호선,구서,1,0,0,0,1,0,2,0,0,1,1,3,3,0
1호선,두실,2,0,0,0,1,0,2,2,0,1,0,3,3,0
1호선,남산,1,0,0,0,1,0,2,2,0,1,0,3,3,0
1호선,범어사,1,0,0,0,1,0,2,2,1,1,0,3,3,0
1호선,노포,1,19,0,0,1,0,3,0,2,1,1,3,3,0
2호선,장산,1,32,1,0,1,0,1,2,0,1,0,3,3,0
2호선,중동,1,24,0,0,1,0,2,4,0,1,0,3,3,0
2호선,해운대,1,154,0,0,1,0,2,2,0,1,0,3,3,0
2호선,동백,1,24,0,0,1,0,2,2,0,1,0,3,3,0
2호선,벡스코,1,32,0,0,1,0,2,5,2,1,0,3,3,0
2호선,센텀시티,1,112,1,1,1,0,2,4,14,1,0,3,3,0
2호선,민락,1,0,0,1,1,0,2,2,8,1,0,3,3,0
2호선,수영(2),2,16,1,1,1,0,1,3,6,1,0,3,3,0
2호선,광안,2,80,0,0,1,0,3,2,8,1,0,3,3,1
2호선,금련산,1,52,0,1,1,0,2,2,8,1,0,3,3,0
2호선,남천,1,16,0,0,1,0,2,2,8,1,0,3,3,0
2호선,경성대.부경대,1,32,1,0,1,0,2,2,8,1,0,3,3,0
2호선,대연,1,16,1,0,1,0,2,2,8,1,0,3,3,0
2호선,못골,1,10,0,0,1,0,2,2,8,1,0,3,3,0
2호선,지게골,1,0,0,0,1,0,2,2,8,1,0,3,3,0
2호선,문현,1,0,0,0,1,0,2,2,8,1,0,3,3,0
2호선,국제금융센터.부산은행,0,16,0,0,1,0,1,2,4,1,0,3,3,0
2호선,전포,1,72,0,0,1,0,2,2,4,1,0,3,3,0
2호선,서면(2),0,110,1,0,,4,3,2,8,1,0,3,3,0
2호선,부암,1,0,0,0,1,0,2,2,8,1,0,3,3,0
2호선,가야,1,0,0,0,1,1,2,2,8,1,0,3,3,0
2호선,동의대,1,16,0,0,1,0,2,3,8,1,0,3,3,0
2호선,개금,1,16,0,0,1,0,2,2,8,1,0,3,3,0
2호선,냉정,1,16,0,1,1,0,2,3,0,1,0,3,3,0
2호선,주례,1,16,0,0,1,0,2,2,0,1,0,3,3,0
2호선,감전,1,0,0,0,1,0,2,2,0,1,0,3,3,0
2호선,사상,1,56,1,1,1,0,2,3,8,1,0,3,3,0
2호선,덕포,1,0,0,0,1,0,2,2,0,1,0,3,3,0
2호선,모덕,1,0,0,0,1,1,2,1,0,1,0,3,3,0
2호선,모라,1,16,0,0,1,0,2,2,0,1,0,3,3,0
2호선,구남,1,0,0,0,1,0,2,2,8,1,0,3,3,0
2호선,구명,1,0,0,0,1,0,2,2,8,1,0,3,3,0
2호선,덕천(2),3,12,1,0,1,0,0,2,0,1,0,3,3,1
2호선,수정,1,0,0,0,1,0,2,3,6,1,0,3,3,0
2호선,화명,1,8,1,0,1,0,2,2,4,1,0,3,3,0
2호선,율리,1,0,0,0,1,0,2,2,0,1,0,3,3,0
2호선,동원,1,0,0,0,1,0,2,0,0,1,1,3,3,0
2호선,금곡,1,0,0,0,1,0,2,0,0,1,0,3,3,0
2호선,호포,2,0,0,0,1,0,3,0,2,1,0,3,3,0
2호선,증산,1,0,0,1,1,0,2,0,8,1,2,3,3,0
2호선,부산대양산캠퍼스,1,0,0,1,1,0,2,2,4,1,0,3,3,0
2호선,남양산,1,16,0,1,1,0,2,2,10,1,0,3,3,0
2호선,양산,1,16,0,0,1,0,2,2,12,1,1,3,3,0
3호선,수영(3),2,20,0,0,0,0,0,0,4,1,0,3,3,0
3호선,망미,1,10,0,0,1,0,4,2,12,1,0,3,3,0
3호선,배산,1,15,0,0,1,0,4,2,16,1,0,3,3,0
3호선,물만골,1,0,0,0,1,0,2,2,12,1,0,3,3,0
3호선,연산(3),1,20,0,0,0,0,2,1,20,1,0,3,3,0
3호선,거제,1,15,0,0,1,0,2,4,5,1,0,3,3,0
3호선,종합운동장,1,20,0,0,1,0,2,3,13,1,0,3,3,1
3호선,사직,1,38,0,0,1,0,2,2,3,1,0,3,3,0
3호선,미남(3),1,15,0,1,1,0,1,2,4,1,0,3,3,0
3호선,만덕,1,15,0,0,1,0,5,2,20,1,0,3,3,0
3호선,남산정,1,16,0,0,1,0,2,2,5,1,0,3,3,0
3호선,숙등,1,15,0,0,1,0,2,2,12,1,0,3,3,0
3호선,덕천(3),3,40,0,0,0,0,3,2,10,1,0,3,3,0
3호선,구포,1,15,0,0,1,0,2,1,9,1,1,3,3,0
3호선,강서구청,1,17,0,0,1,0,2,1,12,1,1,3,3,0
3호선,체육공원,1,0,0,0,1,0,2,1,10,1,1,3,3,0
3호선,대저,1,8,0,0,1,0,1,1,7,1,0,3,3,0
4호선,미남(4),1,0,0,0,0,0,0,4,6,1,0,2,2,0
4호선,동래,1,8,0,0,1,0,2,2,24,1,0,2,2,0
4호선,수안,1,8,0,0,1,0,2,3,16,1,0,2,2,0
4호선,낙민,1,0,0,0,1,0,1,2,7,1,0,2,2,0
4호선,충렬사,1,8,0,0,1,0,2,2,12,1,0,2,2,0
4호선,명장,1,0,0,0,1,0,2,2,12,1,0,2,2,0
4호선,서동,1,0,0,0,1,0,2,2,12,1,0,2,2,0
4호선,금사,1,0,0,0,1,0,1,2,9,1,0,2,2,0
4호선,반여농산물시장,1,0,0,0,1,0,3,0,6,1,1,2,2,0
4호선,석대,1,0,0,0,1,0,1,0,2,1,1,2,2,0
4호선,영산대,1,8,0,0,1,0,1,2,6,1,0,2,2,0
4호선,윗반송,1,8,0,0,1,0,1,2,7,1,0,2,2,0
4호선,고촌,1,0,0,0,1,0,1,2,6,1,0,2,2,0
4호선,안평,1,8,0,0,1,0,1,2,6,1,0,2,2,0
