station_code,name,name_en,phone,address,elevator,lat,lng
95,다대포해수욕장,Dadaepo Beach,051-678-6195,부산광역시 사하구 다대로 지하 692,O,35.04867,128.9641
96,다대포항역,Dadaepo Harbor,051-678-6196,부산광역시 사하구 다대로 지하 548,O,35.05782,128.9713
97,낫개역,Natgae,051-678-6197,부산광역시 사하구 다대로 지하 422,O,35.065265,128.979873
98,신장림역,Sinjangnim,051-678-6198,부산광역시 사하구 다대로 지하 310,O,35.074433,128.977041
99,장림역,Jangnim,051-618-6199,부산광역시 사하구 다대로 지하 230,O,35.08109,128.9775
100,동매역,Dongmae,051-618-6100,부산광역시 사하구 신산로 지하 168,O,35.0899,128.9742
101,신평역,Sinpyeong,051-678-6101,부산광역시 사하구 하신번영로 140,O,35.095179,128.960564
102,하단역,Hadan,051-678-6102,부산광역시 사하구 낙동남로 지하 1415,O,35.10618,128.966803
103,당리역,Dangni,051-678-6103,부산광역시 사하구 낙동대로 지하 405,O,35.103532,128.973846
104,사하역,Saha,051-678-6104,부산광역시 사하구 낙동대로 지하 309,O,35.099847,128.9831
105,괴정역,Goejeong,051-678-6105,부산광역시 사하구 낙동대로 지하 221,O,35.099816,128.992144
106,대티역,Daeti,051-678-6106,부산광역시 사하구 낙동대로 지하 141,O,35.103126,128.999936
107,서대신역,Seodaesin,051-678-6107,부산광역시 서구 대영로 지하 1,O,35.110937,129.012178
108,동대신역,Dongdaesin,051-678-6108,부산광역시 서구 구덕로 지하 290,O,35.110452,129.017684
109,토성역,Toseong,051-678-6109,부산광역시 서구 구덕로 지하 170,O,35.100727,129.019776
110,자갈치역,Jagalchi,051-678-6110,부산광역시 중구 구덕로 지하 80,O,35.097372,129.02667
111,남포역,Nampo,051-678-6111,부산광역시 중구 구덕로 지하 12,O,35.097953,129.034869
112,중앙역,Jungang,051-678-6112,부산광역시 중구 중앙대로 지하 83,O,35.103837,129.036371
113,부산역,Busan Station,051-678-6113,부산광역시 동구 중앙대로 지하 200,O,35.115224,129.0397
114,초량역,Choryang,051-678-6114,부산광역시 동구 중앙대로 지하 264,O,35.121168,129.043039
115,부산진역,Busanjin,051-678-6115,부산광역시 동구 중앙대로 지하 350,O,35.127787,129.047894
116,좌천역,Jwacheon,051-678-6116,부산광역시 동구 중앙대로 지하 446,O,35.134361,129.054455
117,범일역,Beomil,051-678-6117,부산광역시 동구 범일로 지하 108,O,35.140952,129.059352
118,범내골역,Beomnaegol,051-678-6118,부산광역시 부산진구 중앙대로 지하 612,O,35.1474,129.059261
119,서면역(1호선),Seomyeon,051-678-6119,부산광역시 부산진구 중앙대로 지하 730,O,35.158282,129.059556
120,부전역,Bujeon,051-678-6120,부산광역시 부산진구 중앙대로 지하 786,O,35.162587,129.062952
121,양정역,Yangjeong,051-678-6121,부산광역시 부산진구 중앙대로 지하 930,O,35.173122,129.071366
122,시청역,City Hall,051-678-6122,부산광역시 연제구 중앙대로 지하 1017,O,35.179837,129.076642
123,연산역,Yeonsan,051-678-6123,부산광역시 연제구 중앙대로 지하 1101,O,35.186168,129.081534
124,교대역,Busan Nat''''''''l Univ. of Edu.,051-678-6124,부산광역시 연제구 중앙대로 지하 1217,O,35.19605,129.080035
125,동래역,Dongnae,051-678-6125,부산광역시 동래구 중앙대로 1324,O,35.205641,129.078506
126,명륜역,Myeongnyun,051-678-6126,부산광역시 동래구 중앙대로 1414,O,35.212551,129.079659
127,온천장역,Oncheonjang,051-678-6127,부산광역시 동래구 중앙대로 1520,O,35.220249,129.086437
128,부산대역,Pusan Nat''''''''l Univ.,051-678-6128,부산광역시 금정구 장전온천천로 48,O,35.229609,129.089358
129,장전역,Jangjeon,051-678-6129,부산광역시 금정구 장전온천천로 144,O,35.23809095,129.088111
130,구서역,Guseo,051-678-6130,부산광역시 금정구 금정로 233번길 46,O,35.247407,129.091327
131,두실역,Dusil,051-678-6131,부산광역시 금정구 중앙대로 지하 1927-1,O,35.256959,129.091386
132,남산역,Namsan,051-678-6132,부산광역시 금정구 중앙대로 지하 2019-1,O,35.265404,129.092496
133,범어사역,Beomeosa,051-678-6133,부산광역시 금정구 중앙대로 지하 2107,O,35.273105,129.092679
134,노포역,Nopo,051-678-6134,부산광역시 금정구 중앙대로 2238,O,35.28468657,129.094967
201,장산역,Jangsan,051-678-6201,부산광역시 해운대구 해운대로 지하 820,O,35.169914,129.176986
202,중동역,Jung-dong,051-678-6202,부산광역시 해운대구 해운대로 지하 730,O,35.1667,129.168604
203,해운대역,Haeundae,051-678-6203,부산광역시 해운대구 해운대로 지하 626,O,35.163672,129.158908
204,동백역,Dongbaek,051-678-6204,부산광역시 해운대구 해운대로 지하 522,O,35.161484,129.147897
205,시립미술관역,Busan Museum of Art,051-678-6205,부산광역시 해운대구 해운대로 지하 396,O,35.168844,129.138933
206,센텀시티역,Centum City,051-678-6206,부산광역시 해운대구 센텀남대로 지하 76,O,35.168827,129.131745
207,민락역,Millak,051-678-6207,부산광역시 수영구 수영로 지하 769,O,35.167228,129.121909
208,수영역,Suyeong,051-678-6208,부산광역시 수영구 수영로 지하 677,O,35.165227,129.114713
209,광안역,Gwangan,051-678-6209,부산광역시 수영구 수영로 지하 576,O,35.157916,129.113168
210,금련산역,Geumnyeonsan,051-678-6210,부산광역시 수영구 수영로 지하 482,O,35.149771,129.110961
211,남천역,Namcheon,051-678-6211,부산광역시 수영구 수영로 지하 410,O,35.142139,129.107978
212,경성대부경대역,Kyungsung Univ. Pukyong Nat''''''''l Univ.,051-678-6212,부산광역시 남구 수영로 지하 324,O,35.137585,129.100548
213,대연역,Daeyeon,051-678-6213,부산광역시 남구 수영로 지하 242,O,35.135153,129.092161
214,못골역,Motgol,051-678-6214,부산광역시 남구 수영로 지하 170,O,35.134731,129.084415
215,지게골역,Jigegol,051-678-6215,부산광역시 남구 수영로 지하 70,O,35.135574,129.074365
216,문현역,Munhyeon,051-678-6216,부산광역시 남구 전포대로 지하 17,O,35.139151,129.067399
217,국제금융센터부산은행역,Busan Int''''''''l Finance Center Busan Bank,051-678-6217,부산광역시 남구 전포대로 지하 97,O,35.145817,129.066755
218,전포역,Jeonpo,051-678-6218,부산광역시 부산진구 전포대로 지하 181,O,35.153102,129.065374
219,서면역(2호선),Seomyeon,051-678-6219,부산광역시 부산진구 중앙대로 지하 730,O,35.15774,129.059084
220,부암역,Buam,051-678-6220,부산광역시 부산진구 가야대로 지하 719,O,35.157444,129.050185
221,가야역,Gaya,051-678-6221,부산광역시 부산진구 가야대로 지하 650,O,35.155883,129.042817
222,동의대역,Dongeui Univ.,051-678-6222,부산광역시 부산진구 가야대로 지하 554,O,35.153986,129.03275
223,개금역,Gaegeum,051-678-6223,부산광역시 부산진구 가야대로 지하 442,O,35.153284,129.020533
224,냉정역,Naengjeong,051-678-6224,부산광역시 사상구 가야대로 지하 362-1,O,35.151254,129.012255
225,주례역,Jurye,051-678-6225,부산광역시 사상구 가야대로 지하 292,O,35.150508,129.003077
226,감전역,Gamjeon,051-678-6226,부산광역시 사상구 사상로 지하 93-1,O,35.155528,128.991146
227,사상역,Sasang,051-678-6227,부산광역시 사상구 사상로 지하 203,O,35.162361,128.984621
228,덕포역,Deokpo,051-678-6228,부산광역시 사상구 사상로 지하 320-1,O,35.173754,128.983955
229,모덕역,Modeok,051-678-6229,부산광역시 사상구 사상로 지하 409,O,35.180366,128.985621
230,모라역,Mora,051-678-6230,부산광역시 사상구 사상로 지하 498,O,35.189663,128.988655
231,구남역,Gunam,051-678-6231,부산광역시 북구 백양대로 지하 1026,O,35.196804,128.994928
232,구명역,Gumyeong,051-678-6232,부산광역시 북구 백양대로 지하 1094,O,35.20252,128.999322
233,덕천역(2호선),Deokcheon,051-678-6233,부산광역시 북구 금곡대로 지하 14,O,35.210219,129.005673
234,수정역,Sujeong,051-678-6234,부산광역시 북구 금곡대로 지하 160,O,35.223356,129.009198
235,화명역,Hwamyeong,051-678-6235,부산광역시 북구 금곡대로 지하 311,O,35.236278,129.013918
236,율리역,Yulli,051-678-6236,부산광역시 북구 금곡대로 지하 440,O,35.246714,129.012918
237,동원역,Dongwon,051-678-6237,부산광역시 북구 금곡대로 575,O,35.258656,129.012392
238,금곡역,Geumgok,051-678-6238,부산광역시 북구 금곡대로 685,O,35.267248,129.0169054
239,호포역,Hopo,051-678-6239,경상남도 양산시 동면 양산대로 62,O,35.280406,129.017097
240,증산역,Jeungsan,051-678-6240,경상남도 양산시 물금읍 메기로 168,N,35.308302,129.010246
241,부산대양산캠퍼스역,Pusan Nat''''''''l Univ. Yangsan Campus,051-678-6241,경상남도 양산시 물금읍 메기로 270,O,35.316955,129.0139408
242,남양산역,Namyangsan,051-678-6242,경상남도 양산시 동면 메기로 380,O,35.325359,129.019457
243,양산역,Yangsan,051-678-6243,경상남도 양산시 강변로 441,O,35.33872773,129.026391
301,수영역(3호선),Suyeong,051-678-6301,부산광역시 수영구 수영로 지하 677,O,35.167753,129.11459
302,망미역,Mangmi,051-678-6302,부산광역시 수영구 연수로 지하 337,O,35.171528,129.108225
303,배산역,Baesan,051-678-6303,부산광역시 연제구 연수로 지하 229,O,35.173504,129.095498
304,물만골역,Mulmangol,051-678-6304,부산광역시 연제구 월드컵대로 지하 23,O,35.176808,129.085748
305,연산역(3호선),Yeonsan,051-678-6305,부산광역시 연제구 중앙대로 지하 1101,O,35.186173,129.081526
306,거제역,Geoje,051-678-6306,부산광역시 연제구 월드컵대로 지하 209,O,35.188589,129.073941
307,종합운동장역,Sports Complex,051-678-6307,부산광역시 연제구 아시아드대로 지하 73,O,35.19125,129.067504
308,사직역,Sajik,051-678-6308,부산광역시 동래구 아시아드대로 지하 153,O,35.198998,129.064996
309,미남역(3호선),Minam,051-678-6309,부산광역시 동래구 아시아드대로 지하 232,O,35.205503,129.068061
310,만덕역,Mandeok,051-678-6310,부산광역시 북구 만덕대로 지하 291,O,35.213,129.036527
311,남산정역,Namsanjeong,051-678-6311,부산광역시 북구 만덕대로 지하 179,O,35.21334,129.023928
312,숙등역,Sukdeung,051-678-6312,부산광역시 북구 만덕대로 지하 79,O,35.21197,129.012749
313,덕천역(3호선),Deokcheon,051-678-6313,부산광역시 북구 금곡대로 지하 14,O,35.210215,129.005671
314,구포역,Gupo,051-678-6314,부산광역시 북구 낙동대로 1697,O,35.206697,128.996366
315,강서구청역,Gangseo-gu Office,051-678-6315,부산광역시 강서구 낙동북로 485,O,35.211247,128.981756
316,체육공원역,Sports Park,051-678-6316,부산광역시 강서구 낙동북로 371,O,35.212577,128.9696515
317,대저역,Daejeo,051-678-6317,부산광역시 강서구 낙동북로 295,O,35.213386,128.9610488
401,미남역(4호선),Minam,051-678-6401,부산광역시 동래구 아시아드대로 지하 232,O,35.207116,129.069172
402,동래역(4호선),Dongnae,051-678-6402,부산광역시 동래구 충렬대로 지하 147,O,35.204834,129.077082
403,수안역,Suan,051-678-6403,부산광역시 동래구 충렬대로 지하 223,O,35.201828,129.083806
404,낙민역,Nangmin,051-678-6404,부산광역시 동래구 충렬대로 지하 285,O,35.200254,129.090774
405,충렬사역,Chungnyeolsa,051-678-6405,부산광역시 동래구 반송로 지하 205,O,35.199859,129.097636
406,명장역,Myeongjang,051-678-6406,부산광역시 동래구 반송로 지하 281,O,35.205143,129.101517
407,서동역,Seo-dong,051-678-6407,부산광역시 금정구 반송로 지하 387,O,35.213333,129.107683
408,금사역,Geumsa,051-678-6408,부산광역시 금정구 반송로 지하 465,O,35.215829,129.115153
409,반여농산물시장역,Banyeo Agricultural Market,051-678-6409,부산광역시 해운대구 반송로 550,O,35.217779,129.124061
410,석대역,Seokdae,051-678-6410,부산광역시 해운대구 석대천로 121,O,35.21811162,129.137179
411,영산대역,Youngsan Univ.,051-678-6411,부산광역시 해운대구 반송로 803,O,35.225777,129.146149
412,윗반송역,Witbansong,051-678-6412,부산광역시 해운대구 반송로 917,O,35.232506,129.154024
413,고촌역,Gochon,051-678-6413,부산광역시 기장군 철마면 반송로 991,O,35.236031,129.1604437
414,안평역,Anpyeong,051-678-6414,부산광역시 기장군 철마면 반송로 1101,O,35.237363,129.171823
