station_line,station_name,exit_no,lat,lng,osm_node_id,coordinate_source,coordinate_license,coordinate_retrieved_at,accessibility_evidence_source
1,구서,3,35.2479549,129.0911980,1772360733,OpenStreetMap,ODbL 1.0,2026-08-13,부산교통공사 도시철도 엘리베이터 이동경로 2025-12-31
1,구서,4,35.2479471,129.0914204,1772360745,OpenStreetMap,ODbL 1.0,2026-08-13,부산교통공사 도시철도 엘리베이터 이동경로 2025-12-31
1,남산,4,35.2648107,129.0925051,8265433411,OpenStreetMap,ODbL 1.0,2026-08-13,부산교통공사 도시철도 엘리베이터 이동경로 2025-12-31
1,남포,4,35.0976750,129.0348683,5163601679,OpenStreetMap,ODbL 1.0,2026-08-13,부산교통공사 도시철도 엘리베이터 이동경로 2025-12-31
1,남포,5,35.0981518,129.0352134,5163601677,OpenStreetMap,ODbL 1.0,2026-08-13,부산교통공사 도시철도 엘리베이터 이동경로 2025-12-31
1,노포,2,35.2836232,129.0948612,8256799988,OpenStreetMap,ODbL 1.0,2026-08-13,부산교통공사 도시철도 엘리베이터 이동경로 2025-12-31
1,동래,3,35.2059875,129.0783563,1772360704,OpenStreetMap,ODbL 1.0,2026-08-13,부산교통공사 도시철도 엘리베이터 이동경로 2025-12-31
1,동래,3,35.1973775,129.0906208,8276853234,OpenStreetMap,ODbL 1.0,2026-08-13,부산교통공사 도시철도 엘리베이터 이동경로 2025-12-31
1,동래,4,35.2059919,129.0786245,1772360713,OpenStreetMap,ODbL 1.0,2026-08-13,부산교통공사 도시철도 엘리베이터 이동경로 2025-12-31
1,두실,3,35.2566891,129.0912305,8265472390,OpenStreetMap,ODbL 1.0,2026-08-13,부산교통공사 도시철도 엘리베이터 이동경로 2025-12-31
1,두실,4,35.2566891,129.0915294,8265472391,OpenStreetMap,ODbL 1.0,2026-08-13,부산교통공사 도시철도 엘리베이터 이동경로 2025-12-31
1,명륜,2,35.2121431,129.0795358,1772360735,OpenStreetMap,ODbL 1.0,2026-08-13,부산교통공사 도시철도 엘리베이터 이동경로 2025-12-31
1,범내골,1,35.1465944,129.0591424,8265959999,OpenStreetMap,ODbL 1.0,2026-08-13,부산교통공사 도시철도 엘리베이터 이동경로 2025-12-31
1,범어사,3,35.2727676,129.0924401,8256828712,OpenStreetMap,ODbL 1.0,2026-08-13,부산교통공사 도시철도 엘리베이터 이동경로 2025-12-31
1,범어사,4,35.2727740,129.0927424,8256828713,OpenStreetMap,ODbL 1.0,2026-08-13,부산교통공사 도시철도 엘리베이터 이동경로 2025-12-31
1,부산대,1,35.2292478,129.0892651,1772360726,OpenStreetMap,ODbL 1.0,2026-08-13,부산교통공사 도시철도 엘리베이터 이동경로 2025-12-31
1,부산대,2,35.2292479,129.0895172,1772360715,OpenStreetMap,ODbL 1.0,2026-08-13,부산교통공사 도시철도 엘리베이터 이동경로 2025-12-31
1,사하,1,35.1000851,128.9823720,8266205576,OpenStreetMap,ODbL 1.0,2026-08-13,부산교통공사 도시철도 엘리베이터 이동경로 2025-12-31
1,사하,2,35.0998404,128.9823107,8266205577,OpenStreetMap,ODbL 1.0,2026-08-13,부산교통공사 도시철도 엘리베이터 이동경로 2025-12-31
1,좌천,2,35.1335814,129.0538895,8266003084,OpenStreetMap,ODbL 1.0,2026-08-13,부산교통공사 도시철도 엘리베이터 이동경로 2025-12-31
1,좌천,3,35.1341692,129.0540343,8266003086,OpenStreetMap,ODbL 1.0,2026-08-13,부산교통공사 도시철도 엘리베이터 이동경로 2025-12-31
1,좌천,4,35.1336191,129.0541330,8266003085,OpenStreetMap,ODbL 1.0,2026-08-13,부산교통공사 도시철도 엘리베이터 이동경로 2025-12-31
2,가야,3,35.1555956,129.0425890,5279364093,OpenStreetMap,ODbL 1.0,2026-08-13,부산교통공사 도시철도 엘리베이터 이동경로 2025-12-31
2,광안,6,35.1570099,129.1127609,6166890353,OpenStreetMap,ODbL 1.0,2026-08-13,부산교통공사 도시철도 엘리베이터 이동경로 2025-12-31
2,구명,1,35.2023634,128.9990398,5835463263,OpenStreetMap,ODbL 1.0,2026-08-13,부산교통공사 도시철도 엘리베이터 이동경로 2025-12-31
2,금곡,5,35.2682616,129.0174237,1764078371,OpenStreetMap,ODbL 1.0,2026-08-13,부산교통공사 도시철도 엘리베이터 이동경로 2025-12-31
2,동백,1,35.1612032,129.1479411,8272527818,OpenStreetMap,ODbL 1.0,2026-08-13,부산교통공사 도시철도 엘리베이터 이동경로 2025-12-31
2,동원,2,35.2585706,129.0125361,8268895989,OpenStreetMap,ODbL 1.0,2026-08-13,부산교통공사 도시철도 엘리베이터 이동경로 2025-12-31
2,모덕,3,35.1810463,128.9856773,5903033762,OpenStreetMap,ODbL 1.0,2026-08-13,부산교통공사 도시철도 엘리베이터 이동경로 2025-12-31
2,모라,2,35.1886968,128.9883854,5843419432,OpenStreetMap,ODbL 1.0,2026-08-13,부산교통공사 도시철도 엘리베이터 이동경로 2025-12-31
2,민락,1,35.1664665,129.1226628,8269377084,OpenStreetMap,ODbL 1.0,2026-08-13,부산교통공사 도시철도 엘리베이터 이동경로 2025-12-31
2,민락,2,35.1665740,129.1227877,8269377085,OpenStreetMap,ODbL 1.0,2026-08-13,부산교통공사 도시철도 엘리베이터 이동경로 2025-12-31
2,부산대양산캠퍼스,3,35.3171724,129.0130149,8268792545,OpenStreetMap,ODbL 1.0,2026-08-13,부산교통공사 도시철도 엘리베이터 이동경로 2025-12-31
2,부암,6,35.1577577,129.0503090,5279364096,OpenStreetMap,ODbL 1.0,2026-08-13,부산교통공사 도시철도 엘리베이터 이동경로 2025-12-31
2,율리,3,35.2466759,129.0127641,8268898004,OpenStreetMap,ODbL 1.0,2026-08-13,부산교통공사 도시철도 엘리베이터 이동경로 2025-12-31
2,율리,4,35.2466749,129.0130397,8268898005,OpenStreetMap,ODbL 1.0,2026-08-13,부산교통공사 도시철도 엘리베이터 이동경로 2025-12-31
2,주례,5,35.1502596,129.0027440,8269051677,OpenStreetMap,ODbL 1.0,2026-08-13,부산교통공사 도시철도 엘리베이터 이동경로 2025-12-31
2,주례,6,35.1506235,129.0026947,8269051678,OpenStreetMap,ODbL 1.0,2026-08-13,부산교통공사 도시철도 엘리베이터 이동경로 2025-12-31
2,증산,1,35.3083842,129.0099964,8268801333,OpenStreetMap,ODbL 1.0,2026-08-13,부산교통공사 도시철도 엘리베이터 이동경로 2025-12-31
2,해운대,2,35.1638386,129.1589558,8272555755,OpenStreetMap,ODbL 1.0,2026-08-13,부산교통공사 도시철도 엘리베이터 이동경로 2025-12-31
2,화명,4,35.2357185,129.0139929,8268920373,OpenStreetMap,ODbL 1.0,2026-08-13,부산교통공사 도시철도 엘리베이터 이동경로 2025-12-31
2,화명,5,35.2364352,129.0137660,8268920374,OpenStreetMap,ODbL 1.0,2026-08-13,부산교통공사 도시철도 엘리베이터 이동경로 2025-12-31
3,대저,1,35.2132062,128.9610666,8272589818,OpenStreetMap,ODbL 1.0,2026-08-13,부산교통공사 도시철도 엘리베이터 이동경로 2025-12-31
3,대저,1,35.2128777,128.9608074,8272589820,OpenStreetMap,ODbL 1.0,2026-08-13,부산교통공사 도시철도 엘리베이터 이동경로 2025-12-31
3,덕천,9,35.2103339,129.0066096,1772335808,OpenStreetMap,ODbL 1.0,2026-08-13,부산교통공사 도시철도 엘리베이터 이동경로 2025-12-31
3,덕천,12,35.2105398,129.0064608,1772335999,OpenStreetMap,ODbL 1.0,2026-08-13,부산교통공사 도시철도 엘리베이터 이동경로 2025-12-31
3,망미,3,35.1713277,129.1086843,8272889163,OpenStreetMap,ODbL 1.0,2026-08-13,부산교통공사 도시철도 엘리베이터 이동경로 2025-12-31
3,망미,4,35.1715221,129.1087829,8272889164,OpenStreetMap,ODbL 1.0,2026-08-13,부산교통공사 도시철도 엘리베이터 이동경로 2025-12-31
3,물만골,1,35.1762369,129.0858002,8272831338,OpenStreetMap,ODbL 1.0,2026-08-13,부산교통공사 도시철도 엘리베이터 이동경로 2025-12-31
3,물만골,2,35.1762548,129.0860689,8272831339,OpenStreetMap,ODbL 1.0,2026-08-13,부산교통공사 도시철도 엘리베이터 이동경로 2025-12-31
3,물만골,3,35.1773633,129.0853179,8272831341,OpenStreetMap,ODbL 1.0,2026-08-13,부산교통공사 도시철도 엘리베이터 이동경로 2025-12-31
3,물만골,4,35.1773992,129.0855807,8272831340,OpenStreetMap,ODbL 1.0,2026-08-13,부산교통공사 도시철도 엘리베이터 이동경로 2025-12-31
3,연산,4,35.1854664,129.0819314,8265805960,OpenStreetMap,ODbL 1.0,2026-08-13,부산교통공사 도시철도 엘리베이터 이동경로 2025-12-31
4,명장,3,35.2054498,129.1017436,8273026469,OpenStreetMap,ODbL 1.0,2026-08-13,부산교통공사 도시철도 엘리베이터 이동경로 2025-12-31
4,명장,4,35.2053556,129.1019989,8273026470,OpenStreetMap,ODbL 1.0,2026-08-13,부산교통공사 도시철도 엘리베이터 이동경로 2025-12-31
