연번,호선,역명,출입구번호,상세위치,시작층 구분,시작층(운행역층),종료층 구분,종료층(운행역층)
1,1,노포,2,(2F) 2번 출입구 앞 (1F) 밤어사역 방향 승강장 6-1 출입문 앞,지상,1,지상,2
2,1,노포,2,(2F) 2번 출입구 앞 (1F) 노포행 승강장 6-1 출입문 앞,지상,1,지상,2
3,1,범어사,3,(1F) 3번출입구 (B2) 1번/3번 출입구 방향,지하,2,지상,1
4,1,범어사,4,(1F) 4번출입구 (B2) 2번/4번 출입구 방향,지하,2,지상,1
5,1,범어사,,"(B2) 남산역 방향 표내는 곳 내, 1번/3번 출입구 방향 (B3) 남산역 방향 승강장 8-1 출입문 앞 ",지하,3,지하,2
6,1,범어사,,"(B2) 노포역 방향 표내는 곳 내, 2번/4번 출입구방향 (B3) 노포역 방향 승강장 8-1출입문 앞 ",지하,3,지하,2
7,1,남산,3,(1F) 3번 출입구 앞 (B1) 10번 표내는 곳 옆,지하,1,지상,1
8,1,남산,4,(1F) 4번 출입구 앞 (B1) 20번 표내는 곳 옆,지하,1,지상,1
9,1,남산,,(B1) 15번 표내는 곳 앞 (B2) 두실역 방향 승강장  5-3 출입문 앞,지하,2,지하,1
10,1,남산,,"(B1) 25번 표내는 곳 앞, 2번/4번 출입구 방향 (B2) 범어사역 방향 승강장  8-2 출입문 앞",지하,2,지하,1
11,1,두실,3,(1F) 3번 출입구 옆 (B1) 3번 출입구 방향,지하,1,지상,1
12,1,두실,4,(1F) 4번 출입구 옆 (B1) 4번 출입구 방향,지하,1,지상,1
13,1,두실,,(B1) 1번/3번 출입구 옆 (B2) 구서역 방향 승강장 6-2 출입문 앞,지하,2,지하,1
14,1,두실,,(B1) 2번/4번 출입구 옆 (B2) 남산역 방향 승강장 7-1 출입문 앞,지하,2,지하,1
15,1,구서,3,"(1F) 3번 출입구 옆 (2F)북쪽 대합실 계단 옆, 3번 출입구 방향 (3F) 장전역 방향 승강장 1-1 출입문 앞",지상,1,지상,3
16,1,구서,4,"(1F) 4번 출입구 옆 (2F)북쪽 대합실 계단 옆, 4번 출입구 방향 (3F) 두실역 방향 승강장 1-1 출입문 앞",지상,1,지상,3
17,1,장전,,(1F) 3번 출입구 근처 부산대역 방향 표내는 곳 안 (2F) 부산대역 방향 승강장 3-2 출입문 앞,지상,1,지상,2
18,1,장전,,(1F) 4번 출입구 옆 구서역 방향 표내는 곳 안 (2F) 구서역 방향 승강장 1-2 출입문 앞,지상,1,지상,2
19,1,부산대,1,(2F) 온천장역 방향 승강장 6-3 출입문 앞 (1F) 1번 출입구 근처 표 내는 곳 안,지상,1,지상,2
20,1,부산대,2,(2F) 장전역 방향 승강장 7-2 출입문 앞 (1F) 2번 출입구 옆 표 내는 곳 안,지상,1,지상,2
21,1,온천장,2,(1F) 2번 출입구 근처,지상,1,지상,2
22,1,명륜,2,(2F) 온천장역 방향 승강장 8-1 출입문 앞 (1F) 2번 출입구앞,지상,1,지상,2
23,1,동래,3,(2F) 교대역 방향 승강장 2-3 출입문 앞 (1F) 3번 출입구 옆,지상,1,지상,2
24,1,동래,4,(2F) 명륜역 방향 승강장 2-3 출입문 앞 (1F) 4번 출입구 옆,지상,1,지상,2
25,1,교대,5,(1F)5번 출입구 옆 (B1) 5번 출입구 옆,지하,1,지상,1
26,1,교대,8,(1F)8번 출입구 옆 (B1) 8번 출입구 옆,지하,1,지상,1
27,1,교대,,(B1) 동래역 방향 승강장 3-1 출입문 앞(B2) 지하연결통로,지하,2,지하,1
28,1,교대,,(B1) 연산역 방향 승강장 3-1 출입문 앞(B2) 지하연결통로,지하,2,지하,1
29,1,교대,2,(1F)2번 출입구 옆 (B1) 2번 출입구 옆,지하,1,지상,1
30,1,1연산,3,"(1F) 3번 출입구 앞 (B1) 1,3번 출구 사이",지하,1,지상,1
31,1,1연산,5,"(1F) 5번 출입구 옆 (B1) 고객센터, 5번출구 사이",지하,1,지상,1
32,1,1연산,14,"(1F) 14번 출입구 앞 (B1) 14번, 16번 출구쪽 가는 방향 통로 이용",지하,1,지상,1
33,1,시청,3,(1F) 3번/5번 출입구 사이 (B1) 발매기 옆,지하,1,지상,1
34,1,시청,4,"(1F) 4번 출입구 앞 (B1) 화장실 맞은편, 표내는 곳 옆",지하,1,지상,1
35,1,시청,,"(B1) 표내는 곳 옆, 1번 출입구 방향 (B2) 양정역 방향 승강장 7-3 출입문 앞",지하,2,지하,1
36,1,시청,,"(B1) 표내는 곳 옆, 2번 출입구 방향 (B2) 연산역 방향 승강장 출입문 8-1 앞",지하,2,지하,1
37,1,양정,1,(1F) 1번 출입구 옆 (B1) 1번 엘리베이터 통로 안,지하,1,지상,1
38,1,양정,2,(1F) 2번 출입구 옆 (B1) 2번 엘리베이터 통로 안,지하,1,지상,1
39,1,양정,7,(1F) 9번 출입구 뒤 (B1) 대합실 쌈지공원 옆,지하,1,지상,1
40,1,양정,6,(1F) 8번 출입구 뒤 (B1) 6번 엘리베이터 통로 안,지하,1,지상,1
41,1,양정,,(B1) 20번대 표내는 곳 내 계단 앞 (B2) 부전역 방향 승강장 7-1 출입문 앞,지하,2,지하,1
42,1,양정,,(B1) 30번대 표내는 곳 내 계단 앞 (B2) 시청역 방향 승강장 7-1 출입문 앞,지하,2,지하,1
43,1,부전,1,(1F) 1번 출입구 뒤(B1) 1번 출입구 옆,지하,1,지상,1
44,1,부전,6,(1F) 6번 출입구 옆(B1) 양정역 방향 표내는곳(G-30) 옆,지하,1,지상,1
45,1,부전,,(B1) 서면역 방향 표내는곳(G-1) 내 계단 앞 (B2) 서면역 방향 승강장 3-1 출입문 앞,지하,2,지하,1
46,1,부전,,(B1) 양정역 방향 표내는곳(G-20) 내 계단 앞 (B2) 양정역 방향 승강장 6-3 출입문 앞,지하,2,지하,1
47,1,1서면,13,(B1) 역무실 후문 앞 (1F) 13번 출구 옆,지하,1,지상,1
48,1,1서면,12,(B1) 12번 출구 계단 맞은편 (1F) 12번 출구 옆,지하,1,지상,1
49,1,1서면,,(B1) 41번 게이트 내 (B2) 1호선 상선 승강장,지하,2,지하,1
50,1,1서면,,(B1) 45번 게이트 내 (B2) 1호선 하선 승강장,지하,2,지하,1
51,1,범내골,1,(1F) 1번 출입구 근처 (B1) 1번 출입구 근처,지하,1,지상,1
52,1,범내골,4,(1F) 4번 출입구 근처 (B1) 4번 출입구 근처,지하,1,지상,1
53,1,범내골,7,(1F) 5번/7번 출입구 사이 엘리베이터 (B1) 7번 출입구 옆,지하,1,지상,1
54,1,범내골,6,(1F) 6번/8번 출입구 사이 엘리베이터 (B1) 6번 출입구 옆,지하,1,지상,1
55,1,범내골,,"(B1) 표내는곳 내 계단 옆, 1번/2번 출입구 방향 (B2) 노포행 방향 승강장 8-3 출입문 근처 ",지하,2,지하,1
56,1,범내골,,(B1) 대합실 만남의광장 화장실 근처 (B2) 다대포해수욕장행 방향 승강장 3-3 출입문 앞 ,지하,2,지하,1
57,1,범일,7,(1F) 7번 출입구 옆 (B1) 상가통로 방향,지하,1,지상,1
58,1,범일,6,(1F) 6번 출입구 옆 (B1) 화장실 방향,지하,1,지상,1
59,1,범일,,(B1) 10번대 표 내는 곳 방향 (B2) 좌천 방향 승강장 7-1 출입문 앞,지하,2,지하,1
60,1,범일,,(B1) 30번대 표 내는 곳 방향 (B2) 범내골 방향 승강장 2-2 출입문 앞,지하,2,지하,1
61,1,좌천,3,(1F) 3번 출입구 옆 엘리베이터 (B1) 화장실 옆 1번/3번 출입구 방향,지하,1,지상,1
62,1,좌천,"2,4","(1F) 2번/4번 출입구 사이 엘리베이터, 1번 출입구 옆 (B1) 2번/4번 출입구 계단 옆",지하,1,지상,1
63,1,좌천,"1,3","(B1) 표내는곳 내 계단 옆, 1번/3번 출입구방향 (B2) 부산진역 방향 승강장 7-1 출입문 앞",지하,2,지하,1
64,1,좌천,"2,4","(B1) 표내는곳 내 계단 옆, 2번/4번 출입구방향 (B2) 범일역 방향 승강장 7-1출입문 앞",지하,2,지하,1
65,1,부산진,5,(1F)  5번 출입구 옆 (B1) 5번출구쪽 표내는곳 옆 통로 방향,지하,1,지상,1
66,1,부산진,6,(1F) 6번 출입구 옆 (B1) 궤도분소 앞,지하,1,지상,1
67,1,부산진,,(B1) 5번출구쪽 표내는곳 뒤쪽 (B2) 초량역 방향 승강장 1-3 출입문 앞,지하,2,지하,1
68,1,부산진,,(B1) 5번출구쪽 표내는곳 뒤쪽 (B2) 좌천역 방향 승강장 1-3 출입문 앞,지하,2,지하,1
69,1,초량,"6,8",(1F) 8번 출구 전방 30m지점,지하,1,지상,1
70,1,초량,"5,7","(1F) 5,7번 출구 중간, 일본영사관 소녀상 옆",지하,1,지상,1
71,1,초량,,(B2) 부산역 방향 승강장 7-1 출입문 앞,지하,2,지하,1
72,1,초량,,"(B2) 부산진역 방향 승강장 7-1, 6-3 출입문 사이",지하,2,지하,1
73,1,부산역,5,(1F) 5번 출입구 옆 (B1) 대합실 고객센터 옆,지하,1,지상,1
74,1,부산역,4,(1F) 4번 출입구 옆 (B1) 대합실 화장실 옆,지하,1,지상,1
75,1,부산역,,(B2) 중앙역 방향 승강장 7-2 출입문 앞 (B1) 대합실 표 내는 곳,지하,2,지하,1
76,1,부산역,,(B2) 초량역 방향 승강장 7-1 출입문 앞 (B1) 대합실 표 내는 곳,지하,2,지하,1
77,1,중앙,13,(1F) 13번 출구 전방 50m 지점,지하,1,지상,1
78,1,중앙,8,(1F) 8번 출구 전방 100m 지점,지하,1,지상,1
79,1,중앙,12,(1F) 14번 출구로부터 남포 방향 20m,지하,1,지상,1
80,1,중앙,,(B2) 남포역 방향 승강장 6-2 출입문 앞,지하,2,지하,1
81,1,남포,5,(1F) 5번 출입구 옆 (B1) 5번 출입구 방향,지하,1,지상,1
82,1,남포,4,(1F) 4번 출입구 앞 (B1) 4번 출입구 방향,지하,1,지상,1
83,1,남포,5,"(B1) 표 내는 곳 내 계단 옆, 5번 출입구 방향 (B2) 자갈치역 방향 승강장 2-3 출입문 앞",지하,2,지하,1
84,1,남포,"4,6","(B1) 표 내는 곳 내 계단 옆, 4번/6번 출입구 방향 (B2) 중앙역 방향 승강장 1-3 출입문 앞",지하,2,지하,1
85,1,자갈치,1,(1F) 1번 출입구 옆 (B1) 전기실 옆,지하,1,지상,1
86,1,자갈치,"3,5","(1F) 3,5번 출입구 옆 (B1) 소방물탱크실 옆",지하,1,지상,1
87,1,자갈치,"6,8","(1F) 6,8번 출입구 옆 (B1) 고객센터 옆",지하,1,지상,1
88,1,자갈치,,(B1) 7번 출입구 옆 (B2) 토성역 방향 승강장 1-2 출입문 앞,지하,2,지하,1
89,1,자갈치,,(B1) 10번 출입구 옆 (B2) 남포역 방향 승강장 1-2 출입문 앞,지하,2,지하,1
90,1,토성,5,"(1F) 5번 출입구 옆 (B1) 임대매장(약국) 옆, 5번 출입구 방향",지하,1,지상,1
91,1,토성,"4,6","(L) 로비층, 부산대학병원과 연결 (1F) 4번/6번 출입구 사이 (B1) 임대매장(편의점) 옆, 4번/6번 출입구 방향",지하,1,지상,2
92,1,토성,,(B1) 동대신역 방향 표 내는 곳 내 계단 옆 (B2) 동대신역 방향 승강장 2-1 출입문 앞,지하,2,지하,1
93,1,토성,,(B1) 자갈치역 방향 표 내는 곳 내 계단 옆 (B2) 자갈치역 방향 승강장 2-3 출입문 앞,지하,2,지하,1
94,1,동대신,1,(1F) 1번 출입구 근처 (B1)  1번출구 방향,지하,1,지상,1
95,1,동대신,2,(1F) 2번 출입구 근처 (B1)  2번출구 방향,지하,1,지상,1
96,1,동대신,,(B1) 서대신역 방향 표 내는 곳 내 계단 옆 (B2) 서대신역 방향 승강장 7-1 출입문 앞,지하,1,지하,1
97,1,동대신,,(B1) 토성역 방향 표 내는 곳 내 계단 옆 (B2) 토성역 방향 승강장 7-1 출입문 앞,지하,1,지하,1
98,1,서대신,1,(1F) 1번 출입구 옆 (B1) 1번/3번 출입구 방향 ,지하,1,지상,1
99,1,서대신,2,(1F) 2번 출입구 옆 (B1) 2번/4번 출입구 방향 ,지하,1,지상,1
100,1,서대신,,(B1) 표 내는 곳  근처 (B4) 대티(동대신)역 방향 승강장 5-2 출입문 근처,지하,4,지하,1
101,1,대티,"1,3", (B1) 1번/3번 출입구 방향 (1F) 1번/3번 출입구 사이 ,지하,1,지상,1
102,1,대티,"2,4",(B1) 2번/4번 출입구 방향 (1F) 2번/4번 출입구 사이,지하,1,지상,1
103,1,대티,,(B5) 괴정역 방향 승강장 3-3 출입문 방향 (B3) 표내는곳 앞 계단 옆 (B1) 표내는곳 내 ,지하,5,지하,1
104,1,대티,,(B5) 괴정역 방향 승강장 3-2 출입문 방향 (B2) 표내는곳 앞 계단 옆 (B1) 표내는곳 내 ,지하,5,지하,1
105,1,괴정,5,(1F) 5번 출입구 근처 (B1) 괴정전자분소 방면,지하,1,지상,1
106,1,괴정,"6,8,10",(1F) 6번 출구 근처 (B1) B환기실 방면,지하,1,지상,1
107,1,괴정,,(B1) 쌈지공원 옆(B2) 다대포해수욕장역 방향 승강장 3-1 출입문 앞,지하,2,지하,1
108,1,괴정,,"(B1) 만남의 장소, 승차권발매기(60,61) 옆 (B2) 노포역 방향 승강장 3-1 출입문 앞",지하,2,지하,1
109,1,사하,1,(B1) 1번 출입구 앞 (1F) 1번/3번 출입구 사이,지하,1,지상,1
110,1,사하,2,(B1) 2번 출입구 앞  (1F) 2번/4번 출입구 사이,지하,1,지상,1
111,1,사하,1,(B1) 1번 출입구 옆 게이트 안  (B2) 다대포해수욕장행 방향 승강장 6-1 출입문 앞,지하,1,지하,2
112,1,사하,2,(B1) 2번 출입구 옆 게이트 안 (B2) 노포행 방향 승강장 6-1 출입문 앞,지하,1,지하,2
113,1,당리,3,"(1F) 3번출입구, 엘리베이터 자체가 3번 출입구로 지정(계단X)",지하,1,지상,1
114,1,당리,4,"(1F) 4번 출입구, 엘리베이터 자체가 4번 출입구로 지정(계단X)",지하,1,지상,1
115,1,당리,3,"(1F) 3번출입구, 엘리베이터 자체가 3번 출입구로 지정(계단X)",지하,1,지상,1
116,1,당리,,(B2) 노포역 방향 승강장 6-3 출입문 앞,지하,2,지하,1
117,1,당리,,(B2) 다대포해수욕장역 방향 승강장 6-3 출입문 앞,지하,2,지하,1
118,1,하단,1,(1F) 1번 출입구 근처 (B1) 1번 출입구 방향,지하,1,지상,1
119,1,하단,2,(1F) 2번 출입구 근처 (B1)2번 출입구 방향,지하,1,지상,1
120,1,하단,6,(1F) 6번 출입구 근처 (B1)6번 출입구 방향,지하,1,지상,1
121,1,하단,,(B1)만남의 장소 근처 (B2)신평역 방향 승강장 4-2 출입문 앞,지하,2,지하,1
122,1,하단,,(B1)고객센터 근처 (B2)당리역 방향 승강장 3-1 출입문 앞,지하,2,지하,1
123,1,신평,3,(1F) 3번 출입구 옆,지하,1,지상,1
124,1,신평,4,"(1F) 4,6번 출입구 옆",지하,1,지상,1
125,1,신평,,(B1) 동매역 방향 승강장 6-2 출입문 앞,지하,1,지상,1
126,1,신평,,(B1) 하단역 방향 승강장 6-2 출입문 앞,지하,1,지상,1
127,1,동매,1,(1F) 1번 출입구 앞(B1) 대합실 고객센터 근처,지하,1,지상,1
128,1,동매,1,(1F) 1번 출입구 앞(B1) 대합실 고객센터 근처,지하,1,지상,1
129,1,동매,3,(1F) 3번 출입구 근처(B1) 대합실 화장실 근처,지하,1,지상,1
130,1,동매,4,(1F) 4번 출입구 근처(B1) 대합실 만남의 광장 근처,지하,1,지상,1
131,1,동매,5,(1F) 5번 출입구 근처(B1) 대합실 화장실 근처,지하,1,지상,1
132,1,동매,6,(1F) 6번 출입구 앞(B1) 대합실 만남의 광장 근처,지하,1,지상,1
133,1,동매,6,(1F) 6번 출입구 앞(B1) 대합실 만남의 광장 근처,지하,1,지상,1
134,1,동매,6,(1F) 6번 출입구 앞(B1) 대합실 만남의 광장 근처,지하,1,지상,1
135,1,동매,,(B1) 장림역 방향 표내는 곳 안 (B2) 장림역 방향 승강장 4-3 출입문 앞,지하,2,지하,1
136,1,동매,,(B1) 신평역 방향 표내는 곳 안 (B2) 신평역 방향 승강장 4-3 출입문 앞,지하,2,지하,1
137,1,장림,"2,4","(B1)2, 4번 출구 사이 (1F)왼쪽 홈플러스",지하,1,지상,1
138,1,장림,3,(B1)3번 출구 옆 (1F)제일제당 공장 맞은편,지하,1,지상,1
139,1,장림,,"(B2)신장림역 방향 승강장 5-1 근처 (B1)표 내는 곳 7번, 10번 사이",지하,2,지하,1
140,1,장림,,"(B2)동매역 방향 승강장 5-1 근처 (B1)표 내는 곳 30번, 24번 사이",지하,2,지하,1
141,1,신장림,1,(1) 1번/3번 출입구 사이 엘리베이터 (B1) 대합실 화장실 옆 1번 출입구 방향,지하,1,지상,1
142,1,신장림,4,(1F) 2번/4번 출입구 사이 엘리베이터 (B1) 대합실 4번 출입구 방향,지하,1,지상,1
143,1,신장림,,(B1) 대합실 개찰구 1번대/10번대 사이,지하,2,지하,1
144,1,신장림,,(B1) 대합실 개찰구 20번대/30번대 사이,지하,2,지하,1
145,1,낫개,1,(1F) 1번 출입구 근처  (B1) 1번 출입구 방향 임대매장 근처,지하,1,지상,1
146,1,낫개,"2,4",(1F) 2/4번 출입구 근처 (B1) 에스컬레이터 3호기/4호기 옆,지하,1,지상,1
147,1,낫개,6,"(1F) 6번 출입구 옆, (B1) 고객센터 옆",지하,1,지상,1
148,1,낫개,,(B1) 다대포항역 방향 표내는 곳 내 (B3) 다대포항역 방향 승강장 6-1 출입문 앞,지하,3,지하,1
149,1,낫개,,(B1) 신장림역 방향 표내는 곳 내 (B3) 신장림역 방향 승강장 5-3 출입문 앞 ,지하,3,지하,1
150,1,다대포항,1,(B1) 1번 출입구 방향 (1F) 1번 출입구 옆,지하,1,지상,1
151,1,다대포항,3,(B1) 3번 출입구 방향 (중층) 3번 출입구 방향 (1F) 3번 출입구 옆,지하,1,지상,1
152,1,다대포항,4,(B1) 4번 출입구 방향 (중층) 4번 출입구 방향 (1F) 4번 출입구 옆 (2F) 4번 출입구 옆,지하,1,지상,2
153,1,다대포항,,(B2) 다대포해수욕장역 방향 5-1 출입문 앞 (B1) 다대포해수욕장역 방향 표내는 곳 안,지하,2,지하,1
154,1,다대포항,,(B2) 낫개역 방향 5-1 출잎문 앞 (B1) 낫개역 방향 표내는 곳 안,지하,2,지하,1
155,1,다대포해수욕장,3,"(1F) 3번 출입구 옆 (B1) 1,3번 출입구 방향 에스컬레이터 3호기 앞",지하,1,지상,1
156,1,다대포해수욕장,4,(1F) 2번 출입구 옆 (B1) 고객센터 옆,지하,1,지상,1
157,1,다대포해수욕장,,(B1) 20번대 표 내는 곳 옆 (B2) 상선 방향 승강장 6-1 출입문 앞,지하,2,지하,1
158,1,다대포해수욕장,,(B1) 30번대 표 내는 곳 옆 (B2) 다대포항역 방향 승강장 6-1 출입문 앞,지하,2,지하,1
159,2,양산,2,(2F) 편의점과 빵집사이 (1F) 2번 출입구 옆,지상,1,지상,2
160,2,양산,1,(3F) 남양산역 방향 승강장 5-3 출입문 앞 (2F) 10번 게이트 앞,지상,2,지상,3
161,2,양산,1,(3F) 회차선 방향 승강장 6-4 출입문 근처 (2F) 20번대 게이트 앞,지상,2,지상,3
162,2,양산,2,(2F) 육교 위 (1F) 농협(양산지점) 옆,지상,1,지상,2
163,2,남양산,1,(2F) 1번 출입구 육교 위 (1F) 1번 출입구 육교 아래,지상,1,지상,2
164,2,남양산,3,(2F) 1번대 표 내는 곳 근처 (1F) 1층 주차장 3번 출입구 근처,지상,1,지상,2
165,2,남양산,,(2F) 10번대 표 내는 곳 안 (부산대양산캠퍼스역방향) (3F) 부산대양산캠퍼스역 방향 승강장 5-1 출입문 앞,지상,2,지상,3
166,2,남양산,,(2F) 10번대 표 내는 곳 안 (양산역방향) (3F) 양산역 방향 승강장 6-4 출입문 앞,지상,2,지상,3
167,2,부산대양산캠퍼스,3,(1F) 3번 출입구 옆 (2F) 3번 출입구 옆,지상,1,지상,2
168,2,부산대양산캠퍼스,3,(B1) 지하주차장 앞(1F) 1번/5번 출입구 사이 엘리베이터 (2F) 1번/5번 출입구 사이 엘리베이터,지하,1,지상,2
169,2,부산대양산캠퍼스,3,(1F) 증산역 방향 승강장 4-2 출입문 앞 (2F) 증산역 방향 대합실,지상,1,지상,2
170,2,부산대양산캠퍼스,3,(1F) 남양산역 방향 승강장 5-1 출입문 앞 (2F) 대합실,지상,1,지상,2
171,2,증산,1,(1F) 1번 출입구 근처 (2F) 호포역 방향 승강장 4-4 출입문 앞,지상,1,지상,2
172,2,증산,1,(1F) 1번 출입구 근처 (2F) 부산대양산캠퍼스역 방향 승강장 6-4 출입문 앞,지상,1,지상,2
173,2,호포,1,(1F) 1번 출입구 근처 (2F) 3번 출입구 근처 (3F) 2번 출입구 근처,지상,1,지상,4
174,2,호포,1,운행안함,지상,1,지상,4
175,2,호포,,(4F) 표 내는곳 내 계단 앞 (5F) 양산행 승강장 4-3 앞 ,지상,4,지상,5
176,2,금곡,5,(1F) 5번 출입구 앞 (2F) 동원역 방향 승강장 출입문 앞,지상,1,지상,2
177,2,금곡,6,(1F) 4번/5번 출입구 사이 엘리베이터 (2F) 6번 출입구 앞,지상,1,지상,2
178,2,동원,2,(B1) 율리역 방향 승강장 4-2 출입문 앞 (1F) 1번 출입구 근처,지하,1,지상,1
179,2,동원,2,(B1) 금곡역 방향 승강장 5-4 출입문 앞 (1F) 1번 출입구 옆,지하,1,지상,1
180,2,율리,3,(B1) 3번 출입구 방향 (1F) 3번 출입구 앞,지하,1,지상,1
181,2,율리,4,(B1) 4번 출입구 방향 (1F) 4번 출입구 앞,지하,1,지상,1
182,2,율리,,"(B2) 화명역 방향 승강장 2-2 출입문 앞 (B1) 화명역 방향 표내는 곳 내 계단 앞, 3번 출입구 방향",지하,2,지하,1
183,2,율리,,"(B2) 동원역 방향 승강장 4-2 출입문 앞 (B1) 동원역 방향 표내는 곳 내 계단 앞, 4번 출입구 방향",지하,2,지하,1
184,2,화명,5,"(B1) 5번 출입구 방향 (1F) 3번/5번 출입구 사이 엘리베이터, 5번 출입구 근처",지하,1,지상,1
185,2,화명,4,(B1) 4번 출입구 방향 (1F) 4번 출입구 앞,지하,1,지상,1
186,2,화명,,"(B2) 수정역 방향 승강장 2-2 출입문 앞 (B1) 수정역 방향 표내는 곳 내 계단 앞, 5번 출입구 방향",지하,2,지하,1
187,2,화명,,"(B2) 율리역 방향 승강장 5-3 출입문 앞 (B1) 율리역 방향 표내는 곳 내 계단 앞, 4번 출입구 방향",지하,2,지하,1
188,2,수정,1,(1F) 1번 출구 앞 (B2) 대합실 고객센터 뒤쪽,지하,2,지상,1
189,2,수정,4,(1F) 4번 출구 뒤 (B2) 대합실 중앙계단 우측 방향,지하,2,지상,1
190,2,수정,5,"(1F) 크리스탈 타워(학사로 8) 앞 (B2) 에스컬레이터 1,2호기 옆",지하,2,지상,1
191,2,수정,,(B2) 표 내는 곳 1번대 안쪽 (B3) 덕천역 방향 승강장 3-1 출입문 앞,지하,3,지하,2
192,2,수정,,(B2) 표 내는 곳 10번대 안쪽 (B3) 화명역 방향 승강장 5-1 출입문 앞,지하,3,지하,2
193,2,덕천,1,(1F) 1번 출입구 옆 (B1) 1번/3번 출입구 방향,지하,1,지상,1
194,2,덕천,5,(1F) 5번 출입구 옆 (B1) 5번 출입구 방향,지하,1,지상,1
195,2,구명,1,(1F) 1번/3번 출입구 사이 (B1) 3번출입구 방면 표내는곳 옆,지하,1,지상,1
196,2,구명,4,(1F) 2번/4번 출입구 사이 (B1) 4번출입구 방면 표내는곳 옆,지하,1,지상,1
197,2,구명,,(B1) 1번 출입구 방면 표내는곳 내 앞 (B2) 1번 출입구 방면 표내는곳 내 비상계단 B2층 문 내 앞 (B3) 장산역 방향 승강장 3-3 출입문 앞,지하,3,지하,1
198,2,구명,,(B1) 2번 출입구 방면 표내는곳 내 앞 (B2) 2번 출입구 방면 표내는곳 내 비상계단 B2층 문 내 앞 (B3) 양산역 방향 승강장 5-3 출입문 앞,지하,3,지하,1
199,2,구남,3,(1F) 1번/3번 출입구 사이 (B1) 1번/3번 출입구 사이,지하,1,지상,1
200,2,구남,2,(1F) 2번 출입구 근처 (B1) 구명역 방향 표 내는 곳 옆,지하,1,지상,1
201,2,구남,,"(B1) 고객센터 앞, 표 내는 곳 내 (B2) B환기실 옆 (B3) 모라역 방향 승강장 5-1 출입문 앞",지하,3,지하,1
202,2,구남,,(B1) 구명역 방향 표내는 곳 내 (B2) 전기실 앞 (B3) 구명역 방향 승강장 5-2 출입문 앞,지하,3,지하,1
203,2,모라,3,(B1) 대합실 3번 출입구 계단 근처 (1F) 1번/3번 출입구 사이,지하,1,지상,1
204,2,모라,"2,4",(B1) 2번/4번 출입구 사이 대합실 중앙 (1F) 2번/4번 출입구 사이,지하,1,지상,1
205,2,모라,,(B2) 모덕역 방향 승강장 4-3 출입문 앞 (B1) 1번 출입구 방향,지하,2,지하,1
206,2,모라,,(B2) 구남역 방향 승강장 6-3 출입문 앞 (B1) 2번 출입구 방향,지하,2,지하,1
207,2,모덕,3,(B1) 대합실 3번 출입구 계단 근처 (1F) 1번/3번 출입구 사이,지하,1,지상,1
208,2,모덕,,"(B2) 덕포역 방향 승강장 1-2 출입문 앞 (B1) 덕포역 방향 표내는 곳 안, 3번/4번 출입구 방향",지하,2,지하,1
209,2,모덕,,"(B2) 모라역 방향 승강장 3-2 출입문 앞 (B1) 모라역 방향 표내는 곳 안, 3번/4번 출입구 방향",지하,2,지하,1
210,2,덕포,3,(1F) 3번 출입구 근처 (B1) 표내는 곳 옆 3번 출입구 방향,지하,1,지상,1
211,2,덕포,4,(1F) 4번 출입구 근처 (B1) 표내는 곳 옆 4번 출입구 방향,지하,1,지상,1
212,2,덕포,,"(B1) 표내는 곳 옆, 1번 출입구 방향 (B2) 사상역 방향 승강장 4-2 출입문 앞",지하,2,지하,1
213,2,덕포,,"(B1) 표내는 곳 옆, 2번 출입구 방향 (B2) 모덕역 방향 승강장 6-2 출입문 앞",지하,2,지하,1
214,2,사상,3,3번 출입구 옆,지하,1,지상,1
215,2,사상,4,4번 출입구 옆,지하,1,지상,1
216,2,사상,,(B1)장산행 승강장 표 내는 곳 안,지하,1,지하,2
217,2,사상,,(B1)양산행 승강장 표 내는 곳 안,지하,1,지하,2
218,2,사상,"2,4","(B1) 2번, 4번 출입구 사이 통로",지하,1,지상,1
219,2,감전,1,"(1F) 1번 출입구 옆 엘리베이터, 1번 출입구 옆",지하,1,지상,1
220,2,감전,2,"(1F) 2번 출입구 근처 엘리베이터, 2번 출입구 근처",지하,1,지상,1
221,2,감전,,(B2) 장산역 방향 승강장 2-2 출입문 앞,지하,2,지하,1
222,2,감전,,(B2) 양산역 방향 승강장 4-1 출입문 앞,지하,2,지하,1
223,2,주례,5,(1F) 5번 출입구(B1) 7번 출입구 계단 앞,지하,1,지상,1
224,2,주례,6,(1F) 6번 출입구(B1) 8번 출입구 계단 앞,지하,1,지상,1
225,2,주례,,"(B1) 표내는곳 앞, 5번/7번 출입구 방향 (B2) 냉정역 방향 승강장 1-2 출입문 앞",지하,2,지하,1
226,2,주례,,"(B1) 표내는곳 앞, 6번/8번 출입구 방향 (B2) 감전역 방향 승강장 3-2 출입문 앞",지하,2,지하,1
227,2,냉정,3,(1F) 3번 출입구(B1) 3번 출입구 ,지하,1,지상,1
228,2,냉정,4,(1F)4번 출입구(B1)4번 출입구,지하,1,지상,1
229,2,냉정,3,(1F) 3번 출입구(1번 엘리베이터 맞은편) (B1) 3번 출입구(1번 엘리베이터 맞은편),지하,1,지상,1
230,2,냉정,,(B1) 30번대 표내는곳 내 계단 옆 (B2) 주례역 방향 승강장 3-1 출입문 앞,지하,2,지하,1
231,2,냉정,,(B1) 1번대 표내는곳 내 계단 옆(B2) 개금역 방향 승강장 1-1 출입문 앞,지하,2,지하,1
232,2,개금,,"(B1) 표 내는 곳 옆, 1,3번 출입구 방향(1) 3번 출입구 옆",지하,1,지상,1
233,2,개금,,(B1) 4번 출입구 방향 계단 옆(1) 4번 출입구 앞,지하,1,지상,1
234,2,개금,,"(B3) 동의대역 방향 승강장 1-4 출입문 앞 (B2) 기능실 층 계단 앞 (B1) 표 내는 곳 내 계단 옆, 5,7번 출입구 방향",지하,3,지하,1
235,2,개금,,"(B3) 냉정역 방향 승강장 3-4 출입문 앞 (B2) 기능실 층 계단 앞 (B1) 표 내는 곳 내 계단 옆, 4번 출입구 방향",지하,3,지하,1
236,2,동의대,3,(B1) 3번 출입구 방향 계단 옆 (1F) 1/3번 출구 사이,지하,1,지상,1
237,2,동의대,"6,8",(B1) 6번/8번 출입구 방향 (1F) 6번 출구 앞,지하,1,지상,1
238,2,동의대,"2,4",(B1) 4번 출입구 방향 (1F) 2번/4번 출입구 사이,지하,1,지상,1
239,2,동의대,,"(B4) 개금 방향 승강장 5-3 출입문 앞 (B3) 4번 계단 아래, 환기실 B 근처 (B2) 에스컬레이터 3번/4번 근처 (B1) 개금방향 표내는 곳 내",지하,4,지하,1
240,2,동의대,,(B4) 가야 방향 승강장 3-4 출입문 앞 (B2) 에스컬레이터 1번/2번 근처 (B1) 가야 방향 표내는 곳 내,지하,4,지하,1
241,2,가야,3,(2F) 3번 출입구 근처 (1F) 3번 출입구 근처 (B1) 고객센터 옆 3번 출입구 방향  ,지하,1,지상,1
242,2,가야,4,(1F) 4번 출입구 근처 (B1) 고객센터 옆 4번 출입구 방향  ,지하,1,지상,2
243,2,가야,,(B1) 표내는 곳 내 계단 옆 3번 출입구 방향 (B3) 부암역 방향 승강장 3-3 출입문 앞,지하,3,지하,1
244,2,가야,,(B1) 표내는 곳 내 계단 옆 4번 출입구 방향 (B3) 동의대역 방향 승강장 3-3 출입문 앞,지하,3,지하,1
245,2,부암,"5,7","(1F) 5번, 7번 출입구 사이 (B1) 서면역 방향 2개 개찰구 사이",지하,1,지상,1
246,2,부암,6,"(1F) 6번 출입구 뒤 (B1) 6번 출입구 방향, 고객센터 옆",지하,1,지상,1
247,2,부암,5,"(B1) 서면역 방향 개찰구 내, 계단 앞 (B3) 서면역 방향 3-2 출입문 앞",지하,3,지하,1
248,2,부암,6,"(B1) 가야역 방향 개찰구 내, 계단 앞 (B3) 가야역 방향 승강장 5-2 출입문 앞",지하,3,지하,1
249,2,2서면,5,(B1) 5번출입구 옆 아이온시티 내부 (1F) 5번/7번 출입구 사이,지하,1,지상,1
250,2,2서면,11,"(B1) 11번 출입구, 장애인리프트 사이 (1F) 11번 출입구 뒤",지하,1,지상,1
251,2,2서면,,"(B3) 2호선 승강장 전포역 방향 끝 (B2) 1호선 부전역 방향 승강장 환승통로 아래, (B1) 6번/8번 출입구 사이",지하,3,지하,1
252,2,2서면,,"(B3) 2호선 승강장 6-4 출입문, 2호선 E/S 5,6호기 사이 (B2) 1호선 범내골역 방향 승강장 6-3 출입문 앞",지하,3,지하,2
253,2,2서면,,(B3) 2호선 승강장 전포역 방향 4-1 출입문 앞 (B1) 대합실층 5번/11번 출구 사이,지하,3,지하,1
254,2,서면,,"(B2, B3) 중간층 환승통로",지하,2,지하,2
255,2,서면,,(B1) 역무실 왼쪽 2번계단 하부,지하,1,지하,1
256,2,전포,3,"(B1) 표내는곳 외부, 1번/3번 출입구 방향 (1F) 3번 출입구 옆",지하,1,지상,1
257,2,전포,4,"(B1) 표내는곳 외부, 2번/4번 출입구 방향 (1F) 4번 출입구 옆",지하,1,지상,1
258,2,전포,7,"(B3) 장산역 방향 승강장 3-1 출입문 앞(B2) 5번/7번 출입구 방향 (B1) 표내는곳 내, 5번/7번 출입구 방향",지하,3,지하,1
259,2,전포,8,"(B3) 양산역 방향 승강장 5-1 출입문 앞(B2) 6번/8번 출입구 방향 (B1) 표내는곳 내, 6번/8번 출입구 방향",지하,3,지하,1
260,2,국제금융센터,"1,3","(1F) 1번/3번 출입구 사이 엘리베이터, 부산은행 본점 근처 (B1) 1번/3번 출입구 방향, 부산은행 본점 입구 계단과3번/4번 에스컬레이터 사이",지하,1,지상,1
261,2,국제금융센터,"2,4","(1F) 2번/4번 출입구 사이 엘리베이터, 문현2치안센터 옆 (B1) 2번/4번 출입구 방향",지하,1,지상,1
262,2,국제금융센터,,"(B1) 표 내는 곳 내 계단 옆, 2번/4번 출입구 방향 (B2) 전포역 방향 승강장 4-3 출입구 앞",지하,2,지하,1
263,2,문현,"1,3","1, 3번 출입구 사이 엘리베이터",지하,1,지상,1
264,2,문현,4,4번 출입구 옆,지하,1,지상,1
265,2,문현,,"(B3) 지게골역 방향 승강장, 3-4",지하,3,지하,1
266,2,문현,,"(B3) 국제금융센터 부산은행역 방향 승강장, 4-1",지하,3,지하,1
267,2,지게골,,(1F)1번 출구옆 (B1) 1번출구 올라가는 계단옆 ,지하,1,지상,1
268,2,지게골,,(1F) 2번 출구옆 (B1) 우대권발급기 옆 ,지하,1,지상,1
269,2,지게골,,"(B1) 30번대 개찰구 안 (B2) 에스컬레이터1,2호기 앞 (B3 )3번계단 앞 (B4) 못골역 방향 승강장 3-2앞",지하,4,지하,1
270,2,지게골,,"(B2) 에스컬레이터3,4호기 앞 (B3) 4번계단 앞 (B4) 문현역 방향 승강장 5-2앞",지하,4,지하,2
271,2,못골,3,(B1) 3번 출입구 방향,지하,1,지상,1
272,2,못골,4,"(B1) 고객센터, 화장실 사이 ",지하,1,지상,1
273,2,못골,1,(B3) 대연역 방면 승강장에서 (B1) 1번 출입구 방향 만남의광장,지하,3,지하,1
274,2,못골,2,(B3) 지게골역 방면 승강장에서  (B1) 2번 출입구 방향 만남의광장,지하,3,지하,1
275,2,대연,3,"(1F) 1번/3번 출입구 사이 엘리베이터, 3번 출입구 옆",지하,1,지상,1
276,2,대연,2,(1F) 2번/4번 출입구 사이 엘리베이터,지하,1,지상,1
277,2,대연,,(B1) 10~15표내는곳 내 계단 옆 (B2) 3/5번 출입구 방향 (B3) 경성대부경대역 방향 승강장 3-3 출입문 앞 ,지하,3,지하,1
278,2,대연,,(B1) 20~25표내는곳 내 계단 옆 (B2) 4/6번 출입구 방향 (B3) 못골역 방향 승강장 2-2 출입문 앞 ,지하,3,지하,1
279,2,경성대부경대,3,(B1) 대합실 중간 고객센터 앞 (1F) 3번 출입구 근처 엘리베이터,지하,1,지상,1
280,2,경성대부경대,2,(B1) 대합실 2번 출입구 방향 (1F) 2번 출입구 근처 엘리베이터,지하,1,지상,1
281,2,경성대부경대,3,(B3) 남천역 방향 승강장 2-1 출입문 앞 (B2) 남천역 방향 승강장 계단 옆 (B1) 대합실 3번 출입구 방향 표 내는 곳 내,지하,3,지하,1
282,2,경성대부경대,4,(B3) 대연역 방향 승강장 4-1 출입문 앞 (B2) 대연역 방향 승강장 계단 옆 (B1) 대합실 4번 출입구 방향 표 내는 곳 내,지하,3,지하,1
283,2,남천,1,"(B1) 만남의 장소 근처, 1번 출입구 방향",지하,1,지상,1
284,2,남천,4,(B1) 고객센터 옆 구 매표소 맞은편,지하,1,지상,1
285,2,남천,,(B3) 장산역 방향 승강장 4-1 출입문 앞,지하,3,지하,1
286,2,남천,,(B3) 양산역 방향 승강장 6-1 출입문 앞,지하,3,지하,1
287,2,금련산,3,(B2) 5번 계단 옆(B1) 물품보관함 방향 (1F) 3번 출입구 옆,지하,2,지상,1
288,2,금련산,4,(B1) 만남의 장소 방향 (1F) 4번 출입구 옆,지하,1,지상,1
289,2,금련산,,(B4) 광안역 방향 승강장 2-1 출입문 앞 (B2) 표 내는 곳 근처,지하,4,지하,2
290,2,금련산,,(B4) 남천역 방향 승강장 3-4 출입문 앞 (B2) 표 내는 곳 근처,지하,4,지하,2
291,2,광안,5,(1F) 5번 출입구 옆 (B1) 3/5번 출입구 사이,지하,1,지상,1
292,2,광안,6,(1F) 6번 출입구 옆 (B2) A환기실 앞,지하,2,지상,1
293,2,광안,,(B1) 기관사 대기실 옆 (B2) 고객센터(역무실) 맞은편,지하,1,지하,2
294,2,광안,,"(B2) 표 내는 곳 내, 3/5번 출입구 방향 (B4) 수영역 방향 승강장 1-4 출입문 앞 ",지하,2,지하,4
295,2,광안,,"(B2) 표 내는 곳 내, 4/6번 출입구 방향(B4) 금련산역 방향 승강장 3-4 출입문 앞",지하,2,지하,4
296,2,2수영,"1,2",(1F) 1/2번 출입구 사이 (B1) 상가화장실 근처,지하,1,지상,1
297,2,2수영,"8,10",(1F) 8/10 번 출입구 사이 (B1) 8/10 번 출입구 사이,지하,1,지상,1
298,2,2수영,"11,13",(1F) 11/13 번 출입구 사이 (B1) 11/13 번 출입구 사이,지하,1,지상,1
299,2,2수영,,(B1) 20번대 표내는곳 안 (B2) 광안역 방향 5-1출입문 앞 (B3) 수영역 종착 방향 1-4 출입문 앞,지하,3,지하,1
300,2,민락,1,(1F) 1번 출입구 뒤 (B1) 1번 출입구 방향,지하,1,지상,1
301,2,민락,2,(1F) 2번 출입구 뒤 (B1) 2번 출입구 방향,지하,1,지상,1
302,2,민락,1,"(B1) 표 내는 곳 내, 1번 출입구 방향 (B3) 센텀시티역 방향 승강장 4-1 출입문 앞",지하,3,지하,1
303,2,민락,2,"(B1) 표 내는 곳 내, 2번 출입구 방향 (B3) 수영역 방향 승강장 6-1 출입문 앞",지하,3,지하,1
304,2,센텀시티,1,(B2) 1번 출입구 방향 연결통로 (B1) 1번 출입구 중간층 (1F) 1번 출입구 옆,지하,1,지상,1
305,2,센텀시티,5,(B1) 고객센터 옆 (1F) 5번 출입구 옆,지하,1,지상,1
306,2,센텀시티,8,(B1) 롯데백화점 화장실 옆 (1F) 8번 출입구 옆,지하,1,지상,1
307,2,센텀시티,10,(B1) 신세계백화점 화장실 옆 (1F) 12번 출입구 옆,지하,2,지하,1
308,2,센텀시티,,(B1) 표 내는 곳 계단 옆 (B2) 벡스코역 방향 승강장 5-2 출입문 앞,지하,2,지하,1
309,2,센텀시티,,(B1) 표 내는 곳 계단 옆 (B2) 민락역 방향 승강장 6-4 출입문 앞,지하,2,지하,1
310,2,벡스코,1,(1F) 1번 출입구 옆 (B1) 1번 출입구 방향 엘리베이터 연결통로,지하,1,지상,1
311,2,벡스코,"2,4","(1F) 2, 4번 출입구 옆 (B1) 2, 4번 출입구 옆",지하,1,지상,1
312,2,벡스코,7,(1F) 7번 출입구 (B1) 7번 출입구 방향 엘리베이터 연결통로,지하,1,지상,1
313,2,벡스코,"9,11","(1F) 9, 11번 출입구 옆 (B1) 9, 11번 출입구 옆",지하,1,지상,1
314,2,벡스코,"6,8","(1F) 6, 8번 출입구 옆(B1) 6, 8번 출입구 옆",지하,1,지상,1
315,2,벡스코,,(B1) 표내는곳 내 계단 옆 (B2) 동백역 방향 승강장 2-2 출입문 앞,지하,2,지하,1
316,2,벡스코,,(B1) 표내는곳 내 계단 옆 (B2) 센텀시티역 방향 승강장 5-3 출입문 앞,지하,2,지하,1
317,2,동백,1,(1F) 1번 출입구 옆 (B1) 1번 출입구 옆,지하,1,지상,1
318,2,동백,4,(1F) 4번 출입구 옆 (B1) 4번 출입구 옆,지하,1,지상,1
319,2,동백,,(B1) 1번 출입구 방향 해운대행 표 내는 곳 안 (B2) 해운대역 방향 승강장 5-1 출입문 앞,지하,2,지하,1
320,2,동백,,(B1) 2번 출입구 방향 벡스코행 표 내는 곳 안 (B2) 벡스코역 방향 승강장 6-4 출입문 앞,지하,2,지하,1
321,2,해운대,5,"(1F) 5번/7번 출입구 사이 엘리베이터, 5번 출입구 옆 (B1) 5번/7번 출입구 사이 방향",지하,1,지상,1
322,2,해운대,2,"(1F) 2번/4번 출입구 사이 엘리베이터, 2번 출입구 옆 (B1) 2번/4번 출입구 사이 방향",지하,1,지상,1
323,2,해운대,,"(B2) 동백역 방향 승강장 5-2 출입문 앞 (B1) 표내는 곳 내 계단 옆, 1번 출입구 방향",지하,2,지하,1
324,2,해운대,,"(B2) 중동역 방향 승강장 6-4 출입문 근처 (B1) 표내는 곳 내 계단 옆, 2번 출입구 방향",지하,2,지하,1
325,2,중동,5,(B1) 5번 출입구 옆 (1F) 5번 출입구 옆,지하,1,지상,1
326,2,중동,4,(B1) 4번 출입구 옆 (1F) 4번 출입구 옆,지하,1,지상,1
327,2,중동,7,(B1) 7번 출입구 옆 (1F) 7번 출입구 옆,지하,1,지상,1
328,2,중동,8,(B1) 8번 출입구 옆 (1F) 8번 출입구 옆,지하,1,지상,1
329,2,중동,,(B1) 1번대/10번대 표 내는 곳 앞 (B2) 장산역 방향 승강장 1-1 출입문 옆,지하,2,지하,1
330,2,중동,,(B1) 40번대 표 내는 곳 앞 (B2) 해운대역 방향 승강장 6-4 출입문 옆,지하,2,지하,1
331,2,장산,"5,7",(1F) 5번/7번 출입구 사이 엘리베이터,지하,1,지상,1
332,2,장산,"6,8",(1F)  6번/8번 출입구 사이 엘리베이터,지하,1,지상,1
333,2,장산,,(B2) 양산행 방향 승강장 2-1출입문 앞,지하,2,지하,1
334,3,망미,3,(B1) 3번 출입구 앞,지하,1,지상,1
335,3,망미,4,(B1) 4번 출입구 앞,지하,1,지상,1
336,3,망미,3,(B1) 10번대 표내는곳 방향 (B6) 수영역 방향 승강장 4-2 출입문 앞,지하,6,지하,1
337,3,망미,4,(B1) 20번대 표내는곳 방향 (B6) 배산역 방향 승강장 4-2 출입문 앞,지하,6,지하,1
338,3,망미,3,(B1) 10번대 표내는곳 방향 (B6) 수영역 방향 승강장 4-2 출입문 앞,지하,6,지하,1
339,3,망미,4,(B1) 20번대 표내는곳 방향 (B6) 배산역 방향 승강장 4-2 출입문 앞,지하,6,지하,1
340,3,배산,5,(1F) 5번 출입구 옆 (B1) 5번 출입구 방향,지하,1,지상,1
341,3,배산,6,(1F) 6번 출입구 옆 (B1) 6번 출입구 방향,지하,1,지상,1
342,3,배산,,(B1) 10번대 개집표기 내 (B8) 승강장(수영방면),지하,8,지하,1
343,3,배산,,(B1) 20번대 개집표기 내 (B8) 승강장(대저방면),지하,8,지하,1
344,3,배산,,(B1) 1번대 개집표기 내 (B8) 승강장(수영방면),지하,8,지하,1
345,3,배산,,(B1) 30번대 개집표기 내 (B8) 승강장(대저방면),지하,8,지하,1
346,3,물만골,"1,3","(1F) 1, 3번 출입구 사이 엘리베이터 (B2) 표 내는 곳 옆, 1번/3번 출입구 방향",지하,2,지상,1
347,3,물만골,"2,4","(1F) 2, 4번 출입구 사이 엘리베이터 (B1) 만남의 장소 옆, 2번/4번 출입구 방향 (B2) 고객센터 옆 2번/4번 출입구 방향",지하,2,지상,1
348,3,물만골,,(B2) 표 내는 곳 내 1번/3번 출입구 방향 (B5) 배산역 방향 승강장 1-1 출입문 앞,지하,5,지하,2
349,3,물만골,,(B2) 표 내는 곳 내 2번/4번 출입구 방향 (B5) 연산역 방향 승강장 1-1 출입문 앞,지하,5,지하,2
350,3,3연산,4,(1F) 4번 출입구 뒤 (B1) 4번 출구 옆,지하,1,지상,1
351,3,3연산,17,(B1) 고객센터 앞(B2) 시청방향 승강장 4-3 앞 (B4) 물만골방향 승강장 2-1 앞,지하,4,지하,1
352,3,3연산,4,"(B1) 네이쳐리퍼블릭 상가 뒤, 화장실 근처 (B2) 교대방향 승강장 4-2 앞(B4) 거제방향 승강장 3-2 앞",지하,4,지하,1
353,3,거제,3,(B1) 3번출구 옆,지하,1,지상,1
354,3,거제,4,(B1) 4번출구 쪽,지하,1,지상,1
355,3,거제,5,(B1) 5번출구 옆,지하,1,지상,1
356,3,거제,8,(B1) 8번출구 옆,지하,1,지상,1
357,3,거제,,(B2) 수영방향 승강장 1-4 출입문 앞,지하,2,지하,1
358,3,거제,,(B2) 대저방향 승강장 1-4 출입문 앞,지하,2,지하,1
359,3,종합운동장,7,(B2) 부산시의료원 방향 중앙통로,지하,2,지상,1
360,3,종합운동장,4,(B2) 사직방향 대합실 화장실 옆,지하,2,지상,1
361,3,종합운동장,11,(B2) 종합운동장 방향 중앙통로,지하,2,지상,1
362,3,종합운동장,,(B3) 사직방향 승강장 1-1 앞,지하,3,지하,2
363,3,종합운동장,,(B3) 거제방향 승강장 1-1 앞,지하,3,지하,2
364,3,사직,3,"(1F) 3번 출입구 옆 (B1) 대합실, 3번 출입구 방향",지하,1,지상,1
365,3,사직,4,"(1F) 4번 출입구 옆 (B1) 대합실 화장실 옆, 4번 출입구 방향",지하,1,지상,1
366,3,사직,,"(B1) 표 내는 곳 내 계단 옆, 1번 출입구 방향 (B2) 종합운동장역 방향 승강장 3-3",지하,2,지하,1
367,3,사직,,"(B1) 표 내는 곳 내 계단 옆, 2번 출입구 방향 (B2) 미남역 방향 승강장 3-3",지하,2,지하,1
368,3,미남,1,(1F) 1번/3번 출입구 사이 엘리베이터 (B1) 1번/3번 출입구 방향,지하,1,지상,1
369,3,미남,2,(1F) 2번/4번 출입구 사이 엘리베이터 (B1) 2번/4번 출입구 방향,지하,1,지상,1
370,3,미남,,(B1) 5번/6번 출입구 사이 (B2) 만덕역 방향 승강장 1-1 출입문 앞 (B3) 동래역 방향 승강장 4-1 출입문 앞 ,지하,3,지하,1
371,3,만덕,3,지하1층 대합실 > 3번출구 방향,지하,1,지상,1
372,3,만덕,4,지하1층 대합실 > 4번출구 방향,지하,1,지상,1
373,3,만덕,,지하9층 승강장 > 지하1층 대합실,지하,1,지하,1
374,3,만덕,,지하9층 승강장 > 지하1층 대합실,지하,9,지하,1
375,3,만덕,,지하9층 승강장 > 지하1층 대합실,지하,9,지하,1
376,3,만덕,,지하9층 승강장 > 지하1층 대합실,지하,9,지하,1
377,3,만덕,,지하9층 승강장 > 지하1층 대합실,지하,9,지하,1
378,3,남산정,"3,5","(B1) 3번/5번 출입구 방향 (1F) 3번/5번 출입구 사이 엘리베이터, 3번 출입구 옆",지하,1,지상,1
379,3,남산정,4,"(B1) 4번 출입구 방향 (1F) 2번/4번 출입구 사이 엘리베이터, 4번 출입구 옆",지하,1,지상,1
380,3,남산정,,"(B2) 만덕역 방향 승강장 4-1 출입문 앞 (B1) 10번대 게이트 옆, 1번/2번 출입구 방향",지하,2,지하,1
381,3,남산정,,"(B2) 숙등역 방향 승강장 4-1 출입문 앞 (B1) 20번대 게이트 옆, 1번/2번 출입구 방향",지하,2,지하,1
382,3,숙등,1,(1F) 1번/3번 출입구 사이 (B1) 1번 출입구 방향,지하,1,지상,1
383,3,숙등,2,(1F) 2번/4번 출입구 사이 (B1) 2번 출입구 방향,지하,1,지상,1
384,3,숙등,,(B1) 5번 출입구 방향 (B3) 남산정역 방향 숭강장 1-3 출입문 앞,지하,3,지하,1
385,3,숙등,,(B1) 6번 출입구 방향 (B3) 덕천역 방향 숭강장 1-3 출입문 앞,지하,3,지하,1
386,3,덕천,9,(1F) 9번 출입구 근처 (B1) 9번 출입구 방향,지하,1,지상,1
387,3,덕천,12,(1F) 12번 출입구 근처 (B1) 12번 출입구 방향,지하,1,지상,1
388,3,덕천,,"(B1) 표 내는 곳 앞, 9번/12번 출입구 방향 (B2) 수정역 방향 환승통로 (B3) 구포역 방향 승강장 4-2 출입문 앞",지하,3,지하,1
389,3,덕천,,"(B1) 물품보관함 옆, 6번/8번 출입구 방향 (B2) 수정역 방향 승강장 6-4 출입문 앞 (B3) 구포역 방향 승강장 1-2 출입문 앞",지하,3,지하,1
390,3,덕천,,"(B1) 표 내는 곳 내부 계단 옆, 5번 출입구 방향 (B2) 구명역 방향 승강장 6-4 출입문 앞 (B3) 구포역 방향 승강장 1-1 출입문 앞",지하,3,지하,1
391,3,구포,"1,3","(1B) 버스정류장 옆 (1F) 철도 구포역 방향 육교 (2F) 1,3번 출입구 옆",지상,2,지하,1
392,3,구포,,(2F)  1번대 표내는곳 앞 (1F) 덕천역 방향 승강장 2-1 출입문 앞,지상,2,지상,1
393,3,구포,,(2F) 30번대 표내는곳 앞 (1F) 강서구청역 방향 승강장 2-1 출입문 앞,지상,2,지상,1
394,3,강서구청,1,(1F) 1번 출입구와 주차장 출입구 중간에 위치,지상,1,지상,4
395,3,강서구청,,(4F) 4층 대저방향 게이트 출입구 방향,지상,4,지상,5
396,3,강서구청,,(4F) 4층 수영방향 게이트 출입구 방향,지상,4,지상,5
397,3,체육공원,"1,2",2번 출구 맞은편/1번 출구 옆,지상,1,지상,3
398,3,체육공원,,게이트 20번대 안쪽,지상,3,지상,4
399,3,체육공원,,게이트 10번대 안쪽,지상,3,지상,4
400,3,대저,1,(1F) 2번 출입구 근처 수방함 옆(MF) 1번 출입구 근처 벤치 옆(2F) 1번 출입구 근처 전동휠체어 충전기 옆,지상,1,지상,2
401,3,대저,,(2F) 1번 출입구 근처 13번 개찰구 옆(3F) 체육공원역 방향 승강장 4-3 출입문 앞,지상,2,지상,3
402,4,미남광장,9,(1F) 9번 출입구 뒤쪽(B1) 9번 출입구 맨 안쪽,지하,1,지상,1
403,4,미남광장,10,(1F) 10번 출입구 뒤쪽(B1) 10번 출입구 맨 안쪽,지하,1,지상,1
404,4,미남광장,13,(1F) 13번 출입구 뒤쪽(B1) 13번 출입구 맨 안쪽,지하,1,지상,1
405,4,미남광장,12,(1F) 12번 출입구 뒤쪽(B1) 12번 출입구 맨 안쪽,지하,1,지상,1
406,4,동래,5,(1F) 5번/7번 출입구 사이 (B1) 5번/7번 출입구 방향 ,지하,1,지상,1
407,4,동래,6,(1F) 6번 출입구 옆 (B1) 6번 출입구 방향,지하,1,지상,1
408,4,동래,,(B1) 미남행 개찰구안 (B3) 누가타커피 옆,지하,4,지하,1
409,4,동래,,(B1) 안평행 개찰구안 (B3) 누가타커피 옆,지하,4,지하,1
410,4,수안,"5,7",(B1) 5번/7번 출입구 중간,지하,1,지상,1
411,4,수안,"2,4",(B1) 2번/4번 출구 중간,지하,1,지상,1
412,4,수안,"6,8",(B1) 6번/8번 출구 중간,지하,1,지하,1
413,4,수안,,(B3) 미남 방향 승강장 1-1 출입문 앞,지하,3,지하,1
414,4,수안,,(B3) 안평 방향 승강장 1-1 출입문 앞,지하,3,지하,1
415,4,낙민,1,(1F) 1번 출입구 근처 (B1) 1번 출입구 방향,지하,1,지상,1
416,4,낙민,2,(1F) 2번 출입구 근처(B1) 2번/ 4번 출입구 사이,지하,1,지상,1
417,4,낙민,,(1F)안평환경사업소 앞 (B3) 안평 방향 본선출입문 옆,지하,3,지하,1
418,4,충렬사,"1,3",(1F) 1번/3번 출입구 사이 엘리베이터 (B1) 1번 출입구 방향,지하,1,지상,1
419,4,충렬사,"2,4",(1F)2번/4번 출입구 사이 엘리베이터 (B1)4번 출입구 방향,지하,1,지상,1
420,4,충렬사,,(B1)표 내는 곳 내 계단 옆 (B2)대합실 (B3)낙민역 방향 승강장,지하,3,지하,1
421,4,충렬사,,(B1)표 내는 곳 내 계단 옆 (B2)대합실 (B3)명장역 방향 승강장,지하,3,지하,1
422,4,명장,3,"(1F) 3번, 1번 출입구 사이 (B1) 대합실 고객센터 옆",지하,1,지상,1
423,4,명장,4,"(1F) 4번, 2번 출입구 사이 (B1)  만남의 장소 옆",지하,1,지상,1
424,4,명장,3,"(B1) 표 내는 곳 내 계단 옆, 1번/3번 출입구 방향 (B2) 중간층 1번/3번 출입구 방향 (B3) 충렬사역 방향 승강장 3-20출입문 앞",지하,3,지하,1
425,4,명장,4,"(B1) 표 내는 곳 내 계단 옆, 2번/4번 출입 구 방향 (B2) 중간층 2번/4번 출입구 방향 (B3) 서동역 방향 승강장 4-1 출입문 앞",지하,3,지하,1
426,4,서동,3,"(1F) 1,3번 출입구 사이 (B1) E/S 1,2호기 앞 ",지하,1,지상,1
427,4,서동,4,"(1F) 2,4번 출입구 사이 (B1) E/S 3,4호기 앞 ",지하,1,지상,1
428,4,서동,,(B1) 역무설비실 옆 (B2) 지하2층 광장 (B3)상선승강장 3-2 출입문 근처,지하,3,지하,1
429,4,서동,,(B1) 고객센터 옆 (B2) 지하2층 광장 (B3) 하선승강장 4-1 출입문 근처,지하,3,지하,1
430,4,금사,3,(1F) 3번 출입구 1번 출입구 중간 지점,지하,1,지상,1
431,4,금사,4,(1F) 2번 출입구 4번 출입구 중간 지점,지하,1,지상,1
432,4,금사,,(B1) 개찰구 내 대합실 끝 지점,지하,3,지하,1
433,4,반여,"1,2","(B1) 금사역 방향 출입문 3-1 앞 (1F) 1, 2번 출입구 사이 엘리베이터",지하,1,지상,1
434,4,반여,"1,2","(B1) 석대역 방향 출입문 3-1 앞 (1F) 1, 2번 출입구 사이 엘리베이터",지하,1,지상,1
435,4,반여,,(1F) 2번 출입구 쪽 ,지상,1,지상,6
436,4,석대,2,"(2F) 반여농산물시장역, 영산대역 방향 출입문 2-2 앞",지상,1,지상,2
437,4,영산대,1,(1F) 1번/3번 출입구 사이,지상,1,지상,2
438,4,영산대,2,(1F) 2번 출입구 게이트 옆,지상,1,지상,2
439,4,영산대,,(2F) E/S 앞,지상,2,지상,3
440,4,윗반송,3,"(1F) 1번/3번 출입구 사이 엘리베이터 (2F) 1번/3번 출입구 사이 엘리베이터, 대합실 옆",지상,1,지상,2
441,4,윗반송,4,"(1F) 2번/4번 출입구 사이 엘리베이터 (2F) 2번/4번 출입구 사이 엘리베이터, 대합실 옆",지상,1,지상,2
442,4,윗반송,,(2F) 표내는곳 옆(3F) 승강장 1-2 출입문 앞,지상,2,지상,3
443,4,고촌,1,"(1F) 1번/3번 출입구 사이 엘리베이터 (2F) 1번/3번 출입구 사이 엘리베이터, 대합실 옆",지상,1,지상,2
444,4,고촌,2,"(1F) 2번/4번 출입구 사이 엘리베이터 (2F) 2번/4번 출입구 사이 엘리베이터, 대합실 옆",지상,1,지상,2
445,4,고촌,,(2F) 표내는곳 옆 (3F) 승강장 1-2 출입문 앞,지상,2,지상,3
446,4,안평,"1,3","(1F) 1,3번 출입구 사이 (2F) 1번 출입구 계단 앞",지상,1,지상,2
447,4,안평,"2,4","(1F) 2,4번 출입구 사이 (2F) 2번 출입구 계단 앞",지상,1,지상,2
448,4,안평,,(2F) 표내는 곳 안쪽 에스컬레이터 앞 (3F) 승강장 미남방향 1-1 옆,지상,2,지상,3
